t,RMSE,Coverage
0.000000,0.875597,100.00%
0.050000,0.875679,100.00%
0.100000,0.875477,99.95%
0.150000,0.874185,99.27%
0.200000,0.883264,97.16%
0.250000,0.890904,91.16%
0.300000,0.899963,80.21%
0.350000,0.931602,64.99%
0.400000,0.950253,42.92%
0.450000,0.975684,22.33%
0.500000,0.965634,10.05%
0.550000,0.961084,5.92%
0.600000,1.064106,3.22%
0.650000,1.065170,1.69%
0.700000,0.970458,0.60%
0.750000,1.306299,0.15%
0.800000,0.119048,0.02%

